;model;2012-10;2012-11;2012-12;2013-01;2013-02;2013-03;2013-04;2013-05;2013-06;2013-07;2013-08;2013-09;2013-10;2013-11;2013-12;2014-01;2014-02;2014-03;2014-04;2014-05;2014-06;2014-07;2014-08;2014-09;2014-10;2014-11;2014-12;2015-01;2015-02;2015-03;2015-04;2015-05;2015-06;2015-07;2015-08;2015-09;2015-10;2015-11;2015-12;2016-01;2016-02;2016-03;2016-04;2016-05;2016-06;2016-07;2016-08;2016-09;2016-10;2016-11;2016-12;2017-01;2017-02;2017-03;2017-04;2017-05;2017-06;2017-07;2017-08;2017-09;2017-10;2017-11;2017-12;2018-01;2018-02;2018-03;2018-04;2018-05;2018-06;2018-07;2018-08;2018-09;2018-10;2018-11;2018-12;2019-01;2019-02;2019-03
Country_0 Product_0;ENSEM;46;208;14;18;6;28;17;15;10;21;23;15;25;221;22;37;144;246;77;73;233;42;107;64;69;40;157;24;16;24;66;40;11;68;86;33;82;17;22;39;27;25;22;27;27;40;79;94;53;52;108;122;121;149;62;46;284;55;49;46;71;61;91;51;53;36;141;148;59;81;17;36;51.7;44.7;41.6;51.2;56.9;51.9
Country_0 Product_1;NNAR;0;0;0;0;0;0;0;0;0;0;0;0;0;0;0;0;0;0;0;0;0;0;0;0;0;0;0;0;0;0;0;0;0;0;0;0;8;5;3;2;19;3;5;47;3;19;25;20;10;41;8;3;73;76;35;78;28;97;62;119;95;72;138;73;17;90;158;73;14;45;168;234;83.0;74.7;88.0;74.5;61.9;74.8
Country_0 Product_10;PROPHET;0;0;0;0;0;0;0;0;0;0;0;0;0;0;0;0;0;0;0;0;0;0;0;0;0;0;0;0;0;0;0;2;0;7;0;15;0;1;1;6;3;4;2;6;31;9;3;8;8;25;28;24;3;15;26;24;84;15;85;42;9;38;70;21;19;47;70;61;34;128;35;0;28.4;47.7;50.7;65.4;47.8;62.9
Country_0 Product_11;ETS;0;0;0;0;0;0;0;46;19;35;25;33;56;74;107;153;62;96;133;205;133;309;248;231;220;305;210;299;466;330;446;579;600;442;628;284;1029;132;477;346;480;609;853;778;789;1026;1419;620;962;959;1807;1716;1405;2049;2838;2737;1480;2165;2535;1456;2607;3315;3295;2830;2520;2340;2506;2128;5728;2712;4802;3019;3393.6;3420.4;3445.8;3470.0;3493.0;3514.9
Country_0 Product_12;ENSEM;0;0;0;0;0;0;0;0;0;0;0;0;0;0;0;0;0;0;0;0;0;0;3;3;6;0;2;4;3;10;10;16;5;9;8;16;29;12;23;50;23;43;34;56;65;148;143;55;126;87;108;171;129;124;154;120;94;162;260;259;166;243;302;324;157;258;195;333;272;355;381;330;339.4;355.1;370.8;386.1;383.0;406.3
Country_0 Product_13;PROPHET;20776;32321;49780;22236;10270;38911;42731;40134;34897;37141;34413;24464;22364;44023;63938;50462;24803;19360;45279;39005;31569;35726;41079;32586;46314;32451;51318;27683;18420;44872;37410;28194;41573;37500;38981;28040;43753;36162;30955;25030;17042;39821;29789;28407;36662;35337;31394;26053;27571;34077;35400;28501;19952;28072;33458;30049;29315;27027;27925;28497;19642;25825;9642;15137;11041;27343;28458;20992;8828;5631;7124;4151;9240.1;8529.3;7860.1;5768.8;3484.0;6321.1
Country_0 Product_14;RWD;2426;4574;3367;4871;2223;2417;3385;3640;3284;3599;2344;1298;5098;2842;3736;5002;1422;2290;1936;2670;1593;1163;828;958;1052;662;443;647;467;517;453;440;605;473;575;58;451;161;135;417;263;248;389;224;219;299;652;108;158;321;98;138;110;253;85;170;147;92;295;173;181;122;110;57;95;86;2;NA;113;93;289;18;16.7;15.6;14.5;13.5;12.5;11.6
Country_0 Product_16;NNAR;2897;5381;6653;5528;3683;3973;8295;8186;8145;7394;5966;2982;8754;6239;7907;8491;4164;6665;5699;7023;6184;7353;9325;3275;7702;5735;7784;5151;5773;5856;5384;5773;4520;5470;6054;3219;4947;6078;5840;4358;3686;6152;5131;4980;4303;4149;6119;3635;4904;4865;4832;4139;3001;4877;4645;5240;3331;5536;6160;4044;6316;5215;9315;9460;4873;2367;3342;3259;3040;3431;3176;1522;3854.2;4290.3;6503.9;6203.1;5184.7;3530.9
Country_0 Product_17;ETS;143;159;77;80;59;55;109;113;96;209;127;69;127;113;163;170;157;108;134;169;146;150;178;118;168;154;219;139;133;217;186;294;135;399;245;177;189;280;367;260;167;259;168;118;275;140;243;138;157;216;143;240;283;294;172;204;237;407;179;141;229;266;202;268;249;238;272;163;174;289;218;109;224.7;225.0;225.3;225.6;225.9;226.1
Country_0 Product_2;ENSEM;201;327;403;341;217;223;304;216;348;211;207;300;376;430;460;411;157;184;422;377;437;548;823;161;444;403;373;311;478;399;386;382;758;554;513;91;472;391;206;131;269;377;632;417;364;480;505;207;275;360;405;466;221;467;353;226;341;632;296;300;336;580;481;298;633;402;381;368;441;141;511;225;363.0;371.1;369.1;367.0;359.1;368.8
Country_0 Product_3;NNAR;0;0;0;0;0;0;0;0;0;0;0;0;0;0;0;0;0;0;0;0;0;0;0;0;0;0;0;0;0;0;0;0;0;0;0;0;9;243;181;198;145;157;241;153;146;165;364;307;236;583;479;165;464;475;311;578;518;559;635;414;789;715;729;630;365;534;556;660;542;889;918;619;691.6;672.8;676.4;648.8;558.1;618.3
Country_0 Product_9;PROPHET;573;1429;1663;1849;940;1385;1866;1241;2217;2100;1901;2501;1812;4370;2169;4398;1186;2074;2494;3162;3099;3030;3438;1976;5523;4167;4314;3522;2332;4128;4058;4414;4447;3947;5382;3974;5361;4743;4835;4146;3486;7145;6789;7163;6548;6008;10662;6817;10365;10672;7992;8706;4133;11469;9051;11549;9651;9796;10912;12870;15665;15998;17349;19199;10526;11458;16720;18350;18578;14733;14007;616;19789.4;20258.6;18440.4;18132.9;10816.5;16207.7
Country_10 Product_0;RWD;176;104;17;95;100;131;79;75;145;68;116;89;135;74;105;80;49;103;111;51;123;92;85;122;191;79;117;143;143;111;156;128;132;197;66;110;107;162;180;164;132;139;134;103;140;75;172;136;157;138;108;119;37;66;116;64;167;133;38;43;71;66;84;85;50;52;62;63;43;55;30;198;198.3;198.7;199.0;199.3;199.6;200.0
Country_10 Product_1;ETS;0;0;0;0;0;0;0;0;0;0;0;0;0;0;0;0;0;0;0;0;0;0;0;0;0;0;0;0;0;0;0;0;0;0;0;0;13;21;27;16;28;62;22;22;33;33;33;33;43;56;34;16;34;29;26;20;25;22;62;48;26;73;46;54;55;70;107;112;38;38;34;94;84.4;84.4;84.4;84.4;84.4;84.4
Country_10 Product_10;ETS;0;0;0;0;0;0;0;0;0;0;0;0;0;0;0;0;0;0;0;0;0;0;0;0;0;0;0;0;0;20;99;11;9;NA;25;74;21;12;22;16;200;60;59;19;26;15;47;16;4;78;55;34;35;64;52;36;44;137;37;58;51;154;67;65;107;246;92;85;36;51;92;97;83.7;83.7;83.7;83.7;83.7;83.7
Country_10 Product_11;NNAR;0;0;0;0;0;72;108;88;50;55;101;30;30;88;0;13;47;230;106;56;123;69;113;108;85;129;77;80;105;78;91;73;122;81;193;113;94;173;92;89;166;91;148;149;169;109;76;149;167;141;294;171;167;365;164;101;98;240;284;88;171;157;171;214;116;251;142;116;217;89;292;152;140.1;139.4;140.2;143.3;136.4;146.4
Country_10 Product_12;NNAR;0;0;0;0;0;0;0;0;0;0;0;0;0;0;0;0;0;23;34;8;8;0;167;32;16;27;10;38;20;21;11;18;28;41;47;22;117;34;32;24;35;118;33;40;74;24;60;88;71;126;114;31;62;176;70;76;85;97;126;90;101;85;73;165;78;205;99;78;76;41;95;39;66.1;83.8;53.4;114.3;85.8;97.9
Country_10 Product_14;RWD;2544;1910;1034;1319;1433;1213;1498;1433;1130;1408;1628;1267;1697;2153;789;970;1346;1202;1756;1051;1187;556;1589;4338;2107;431;723;439;505;702;731;309;NA;655;192;73;326;320;345;160;555;189;88;226;287;97;350;316;212;127;234;152;215;128;520;202;196;314;249;340;366;245;203;96;77;171;89;42;51;109;76;39;36.7;34.6;32.6;30.7;28.9;27.2
Country_10 Product_16;NNAR;750;491;591;668;445;463;738;444;430;639;565;550;588;832;432;707;629;439;522;499;545;437;702;615;458;462;456;419;418;528;306;443;367;398;294;418;285;357;373;316;340;442;414;229;385;304;487;245;351;268;288;291;180;461;287;228;211;228;298;196;362;242;144;279;362;264;277;281;281;295;323;119;371.2;261.8;265.4;250.8;266.5;283.5
Country_10 Product_17;PROPHET;136;74;88;51;240;54;130;75;101;74;108;115;47;76;79;73;127;25;119;42;88;47;99;119;105;87;94;66;81;79;68;66;41;98;54;97;141;76;100;77;41;69;81;44;100;49;42;4;70;57;89;112;82;68;47;56;50;59;66;61;61;62;39;92;59;34;71;52;18;49;45;43;55.5;45.7;53.5;53.6;50.8;42.6
Country_10 Product_2;ETS;87;80;121;82;138;135;71;88;126;121;118;71;143;115;66;47;140;155;90;57;18;127;80;229;159;81;65;75;65;102;83;163;82;130;79;102;56;97;77;66;14;117;64;44;32;35;80;113;36;82;97;17;2;63;37;43;65;105;58;57;60;18;127;107;74;35;43;50;41;27;34;55;38.7;38.0;37.4;36.7;36.1;35.4
Country_10 Product_3;ETS;0;0;0;0;0;0;0;0;0;0;0;0;0;0;0;0;0;0;0;0;0;0;0;0;0;0;0;0;0;0;0;0;0;0;0;0;92;26;50;22;30;68;61;98;25;69;46;46;72;103;67;67;67;123;50;146;23;107;201;38;139;84;150;146;75;186;117;78;112;76;117;142;123.5;123.5;123.5;123.5;123.5;123.5
Country_10 Product_9;PROPHET;740;686;1197;799;1001;993;1228;1208;1161;1658;1836;2412;1824;629;792;1375;1831;2722;1967;2075;2342;1954;1976;2010;2100;959;1446;1506;1761;1711;2290;1525;1772;1771;1485;1707;2409;2115;3889;1839;2037;2678;2162;1946;1802;1493;1715;2309;2076;1850;2112;2644;2139;2996;2117;3054;2019;1672;1037;2574;2665;2450;1899;3297;3444;3658;5530;4112;3007;2450;1385;1409;3171.7;2040.4;2922.9;2578.6;2910.0;3145.8
Country_11 Product_0;ENSEM;1426;1371;629;975;1190;1214;1070;972;1222;1279;1233;1177;1226;1388;1067;1091;1403;1548;1494;1355;1804;1638;1506;1775;1608;1346;1402;1753;1248;1918;1534;1381;2004;2049;1769;1813;2036;1734;1392;1731;1772;1790;1578;1573;2142;1762;1654;2151;1491;1509;1588;1832;1851;1864;1678;1802;2173;1816;1317;1426;1398;1689;943;1655;1160;1424;1363;1419;1149;1275;1243;1073;1235.5;1226.0;1199.7;1200.8;1176.3;1168.6
Country_11 Product_1;ENSEM;0;0;0;0;0;0;0;0;0;0;0;0;0;0;0;0;0;0;0;0;0;0;0;0;0;0;0;0;0;0;0;0;0;0;0;0;815;523;612;488;689;824;715;876;945;1077;1095;1466;969;1446;1468;691;2108;1845;1474;2100;1375;1924;2188;2012;1930;2057;1909;2338;1970;2523;2940;2777;1936;2347;3556;3919;3584.9;3556.5;3590.9;3724.9;3785.7;3951.2
Country_11 Product_10;ENSEM;0;0;0;0;0;0;0;0;0;0;0;0;0;0;0;0;0;0;0;0;0;0;0;0;0;0;0;0;0;52;330;183;171;250;226;327;194;312;266;194;458;430;364;254;428;394;387;406;385;553;455;416;533;738;508;655;663;555;860;729;713;822;813;961;974;1270;1103;1033;982;1359;1085;1160;1187.3;1242.6;1281.4;1350.9;1402.2;1505.2
Country_11 Product_11;ETS;0;0;0;0;0;492;566;713;578;703;491;708;669;644;926;743;826;1045;1144;1201;1478;1667;1454;2116;1512;1885;1685;1574;2634;2205;2217;2346;3051;2683;2751;2640;3682;3012;2858;2894;3093;3462;3925;3744;4311;4036;4517;4252;4178;5531;6123;5472;5606;7382;7789;7719;5848;8080;7107;6986;7972;8613;8714;8801;7919;8833;7863;7536;12053;8846;12238;10067;10364.3;10366.3;10368.2;10369.8;10371.2;10372.5
Country_11 Product_12;ENSEM;0;0;0;0;0;0;0;0;0;0;0;0;0;149;3;6;2;216;162;126;116;112;338;305;193;242;266;244;392;324;312;361;489;491;463;449;969;777;857;697;817;1059;1108;963;1123;1073;1326;1398;1337;1669;1983;1207;2271;2463;1971;2120;1722;2144;2508;2395;2331;2793;2127;3315;2445;2960;2572;2819;2948;3723;4205;3358;3609.5;3763.9;3787.9;4060.4;4072.7;4287.8
Country_11 Product_13;PROPHET;20935;33175;50323;22851;10787;39272;43786;40593;35778;38331;34884;25166;22433;45020;64650;51172;25491;19932;46028;39510;32256;36902;42411;33098;46826;32789;51613;28116;18812;45295;37868;28425;41952;38139;39499;29062;44235;36436;31125;25178;17663;40064;30120;28803;36931;35506;31574;26271;27782;34441;35735;28641;20256;28352;33651;30286;29440;27310;28339;28967;19856;26069;10124;16131;11068;27386;28537;21008;8851;5958;7499;4175;9382.2;8687.7;8030.4;5933.4;3611.8;6495.9
Country_11 Product_14;ETS;12567;13350;8378;12333;9295;9667;10792;10725;10043;11136;9170;9669;12854;9215;8163;11690;6898;7150;6940;6491;6009;5491;5162;10134;6624;3557;3015;3121;3041;3216;4794;2283;2195;2863;2380;2103;2615;1873;1813;2157;2281;1906;2082;1976;2866;2694;2559;1765;2022;1562;1367;2046;1636;1449;1801;1861;1961;1880;2239;3157;1978;1958;1028;1578;1440;2234;1230;553;1213;1021;1975;1469;1242.7;1203.9;1166.3;1129.9;1094.6;1060.5
Country_11 Product_16;NNAR;22178;23026;21091;24121;21468;21030;26039;22801;26003;26685;21619;21737;26650;24415;21465;24356;19952;22678;21607;21407;22704;24452;23086;21989;24109;20715;20754;18172;20235;22020;19949;18918;19354;20692;18851;19055;20730;21484;17523;17153;18072;20900;20459;18946;19487;18481;20290;19296;19558;19417;16022;16099;15696;19214;17592;17047;14337;17782;18774;16238;19777;20365;22017;21428;18418;16531;14389;14996;12813;15035;13803;8973;13106.9;11066.1;14723.2;15654.7;15932.1;12308.9
Country_11 Product_17;ETS;2552;2052;1684;1981;1953;2128;2181;2137;2159;2332;1911;2053;2329;2075;1758;2051;2312;2162;2231;2215;2229;2682;2278;2430;2636;2360;2332;2074;2269;2506;2316;2603;2424;2962;2489;2595;3048;2992;2412;2625;2823;2886;2723;2594;3105;2652;2775;3143;2791;2697;2543;2734;2713;3429;2642;3219;2223;2970;2599;2593;2787;2433;1877;2538;2423;2058;2999;2483;2488;2802;2360;1940;2563.3;2296.7;1945.6;2192.8;2285.6;2377.0
Country_11 Product_2;PROPHET;4180;4206;3501;3713;3754;3962;3591;3455;4000;4971;3671;3992;4913;4324;3315;3649;3778;3891;4362;4024;3956;4431;4827;4965;4947;4399;4151;3808;4249;5449;4601;4332;5324;5786;4576;5185;4439;4277;3024;2945;3710;4271;4412;3694;4050;4245;3591;4288;3515;3729;3446;3852;3243;3933;3072;2060;4011;3987;3046;3564;3327;2983;2688;3039;3383;3351;3112;2543;2753;1766;3214;2003;2745.3;2540.3;2044.2;2014.1;2257.8;2646.1
Country_11 Product_3;NNAR;0;0;0;0;0;0;0;0;0;0;0;0;0;0;0;0;0;0;0;0;0;0;0;0;0;0;0;0;0;0;0;0;0;0;0;0;1511;1714;1522;1404;1654;1890;1798;1794;2073;1677;1998;2363;2176;2946;2457;1601;3752;3788;2208;4395;2971;3863;4307;3865;4281;4229;3732;4651;2084;6626;5132;3971;4483;4673;5356;6516;4590.9;4315.5;4184.7;4315.3;3805.7;4523.2
Country_11 Product_9;PROPHET;13500;12747;10856;11999;11642;12819;15414;13965;14413;15873;15065;17246;16626;18868;15316;19164;18025;20244;20551;20744;20521;22771;18562;22352;25018;21438;21824;19669;18865;27148;25676;22787;26355;25117;22851;28463;31355;28117;26160;23830;26324;31491;30962;29715;32275;27654;37698;32680;31859;35587;32458;34210;32638;42070;32659;40619;35015;38707;37284;47278;51546;48181;43747;56457;44217;57108;63832;53656;51691;51943;44049;32877;62675.0;58138.7;53749.4;53887.2;52387.9;67372.8
Country_12 Product_0;ETS;39;61;30;35;34;133;47;45;34;58;30;27;41;28;27;28;65;79;127;75;46;51;86;42;91;53;103;107;42;73;54;38;104;126;193;69;64;56;60;121;94;43;69;55;25;58;35;72;89;23;31;33;160;97;37;15;26;31;33;31;10;49;19;86;26;25;53;55;19;19;20;15;24.8;24.8;24.8;24.8;24.8;24.8
Country_12 Product_1;ENSEM;0;0;0;0;0;0;0;0;0;0;0;0;0;0;0;0;0;0;0;0;0;0;0;0;0;0;0;0;0;0;0;0;0;0;0;0;44;58;50;23;42;26;28;39;52;195;52;100;98;95;74;52;296;140;153;74;68;79;247;124;106;77;167;85;121;159;252;211;88;146;218;179;171.4;166.6;178.3;173.7;180.0;188.2
Country_12 Product_10;ENSEM;0;0;0;0;0;0;0;0;0;0;0;0;0;0;0;0;0;0;0;0;0;0;0;0;0;0;0;0;0;0;6;5;6;13;1;17;8;7;10;12;10;11;6;2;11;8;17;12;12;16;10;8;13;19;7;18;10;19;19;27;21;21;29;17;20;20;21;34;22;37;18;25;24.4;25.1;25.5;25.6;25.9;26.2
Country_12 Product_11;ENSEM;0;0;0;0;0;35;9;12;10;20;12;47;24;30;36;12;20;11;13;17;26;49;21;27;24;31;28;24;22;33;82;56;44;68;40;62;75;65;32;30;63;87;44;67;138;50;48;71;71;58;91;43;69;110;149;159;119;107;133;85;139;125;105;103;106;210;110;97;109;172;165;190;152.9;151.5;150.8;151.6;153.1;153.9
Country_12 Product_12;NNAR;0;0;0;0;0;0;0;0;0;0;0;0;0;0;0;0;0;3;7;3;5;1;3;13;15;10;4;13;9;29;15;20;20;13;11;27;30;32;22;15;34;46;57;32;63;31;52;66;71;90;62;33;72;94;77;107;79;115;97;81;64;90;109;135;100;158;115;107;106;118;164;105;100.6;112.2;122.1;132.6;122.4;139.2
Country_12 Product_14;PROPHET;93;102;87;137;81;204;77;408;70;57;74;60;62;58;61;22;79;28;72;33;33;48;32;21;55;42;25;36;49;39;37;13;18;42;23;18;34;22;20;13;35;23;11;44;14;22;28;11;44;26;12;11;11;35;13;20;12;37;21;45;7;13;6;33;17;16;10;7;7;5;9;3;9.7;7.7;5.4;5.4;9.9;7.6
Country_12 Product_16;ENSEM;398;406;243;371;374;353;358;331;311;386;298;367;387;362;236;310;336;314;361;365;294;370;295;450;405;326;239;299;352;337;296;284;273;357;269;341;368;299;210;286;311;327;281;274;296;237;291;235;308;276;178;298;230;255;258;218;196;268;164;202;290;221;138;183;206;228;214;140;191;196;148;143;200.8;172.3;119.5;153.6;171.0;172.1
Country_12 Product_17;ENSEM;117;106;66;98;136;116;111;126;94;87;105;155;181;98;56;135;113;133;167;131;119;148;101;143;170;161;128;161;138;197;224;168;130;171;190;201;153;128;150;134;156;177;190;193;160;182;168;177;175;166;150;150;144;175;170;203;107;182;109;150;136;76;98;127;80;116;124;93;105;112;142;73;97.9;96.9;99.1;96.5;95.6;92.4
Country_12 Product_2;RWD;186;202;101;120;166;134;120;90;98;167;120;142;158;143;117;114;104;171;82;102;129;125;138;120;147;121;100;77;330;136;133;119;129;192;140;123;143;104;107;74;113;138;98;126;83;97;91;101;66;83;71;76;103;105;85;57;87;139;80;72;57;73;54;58;53;60;30;32;37;30;52;26;25.3;24.6;23.9;23.2;22.6;21.9
Country_12 Product_3;ETS;0;0;0;0;0;0;0;0;0;0;0;0;0;0;0;0;0;0;0;0;0;0;0;0;0;0;0;0;0;0;0;0;0;0;0;0;70;19;26;21;35;40;26;33;39;54;55;80;40;50;41;22;170;139;101;100;71;93;110;120;108;104;86;113;61;314;103;100;114;117;89;182;144.6;144.6;144.6;144.6;144.6;144.6
Country_12 Product_9;NNAR;196;217;168;132;214;158;237;149;139;246;168;236;329;222;277;194;316;304;284;201;198;324;179;252;400;277;290;288;292;336;366;231;314;289;255;254;346;333;254;308;350;541;282;249;377;245;293;326;355;308;336;335;338;373;306;360;291;297;291;435;316;342;241;390;261;514;546;408;341;447;293;432;338.2;411.2;313.7;392.0;320.2;384.7
Country_2 Product_0;RWD;33;45;25;35;29;33;43;29;88;53;88;26;33;25;24;32;68;79;75;81;113;70;42;21;74;105;18;35;21;50;40;31;46;61;69;59;34;53;36;64;25;55;45;78;40;52;54;85;37;23;140;45;143;32;25;22;46;34;47;56;31;NA;24;18;25;31;42;20;24;30;18;25;24.9;24.8;24.7;24.6;24.5;24.4
Country_2 Product_1;ETS;0;0;0;0;0;0;0;0;0;0;0;0;0;0;0;0;0;0;0;0;0;0;0;0;0;0;0;0;0;0;0;0;0;0;0;0;25;14;6;14;39;24;26;19;37;23;30;10;36;40;38;11;47;90;29;117;31;116;68;60;25;91;36;74;47;37;123;60;46;89;99;149;113.3;113.3;113.3;113.3;113.3;113.3
Country_2 Product_10;ENSEM;0;0;0;0;0;0;0;0;0;0;0;0;0;0;0;0;0;0;0;0;0;0;0;0;0;0;0;0;0;0;3;2;2;55;2;6;3;4;25;4;18;7;15;8;14;19;10;5;12;11;25;8;11;20;16;8;12;9;16;18;10;34;27;12;13;23;22;22;24;26;12;12;15.9;16.5;16.5;16.4;16.6;17.0
Country_2 Product_11;ENSEM;0;0;0;0;0;12;11;8;17;10;5;13;88;24;36;8;28;25;35;47;82;36;28;48;83;57;67;52;72;94;98;67;103;81;84;92;86;105;114;95;122;148;146;122;131;155;118;125;143;168;228;134;249;194;174;222;194;318;112;221;229;235;171;220;158;220;245;299;198;206;233;182;213.0;212.0;208.7;217.5;211.8;222.9
Country_2 Product_12;NNAR;0;0;0;0;0;0;0;0;0;0;0;0;0;0;0;0;0;0;1;1;3;3;1;18;6;3;6;3;9;12;9;18;28;7;6;25;9;12;22;11;19;33;24;13;38;23;49;29;33;42;67;31;53;40;40;74;34;56;67;68;74;62;73;108;56;73;61;73;76;59;107;46;71.4;65.3;70.1;74.2;67.4;70.5
Country_2 Product_13;ETS;0;0;0;0;0;0;0;0;0;0;0;0;0;0;0;0;0;0;0;0;0;0;0;0;0;0;0;0;0;0;0;0;0;0;0;0;0;0;0;0;0;0;0;0;0;0;0;0;0;0;0;0;0;0;0;0;0;0;0;1;0;0;0;0;0;0;0;0;0;0;0;0;0.0;0.0;0.0;0.0;0.0;0.0
Country_2 Product_14;ENSEM;416;739;146;355;323;256;91;353;183;248;215;683;312;139;95;536;125;540;63;155;67;96;144;358;234;53;55;62;89;68;44;68;110;66;67;91;74;26;22;94;50;53;88;41;123;20;32;47;125;17;8;104;11;83;63;37;25;63;20;89;7;109;39;54;69;82;36;4;54;34;56;22;26.6;39.6;27.2;38.8;30.5;38.3
Country_2 Product_16;PROPHET;680;612;447;432;511;519;636;409;591;721;410;440;686;432;594;456;478;491;529;418;755;598;349;628;619;394;503;306;402;524;443;332;486;533;295;573;505;527;564;293;386;405;375;354;474;331;320;346;413;362;339;351;362;513;310;301;370;299;225;333;431;519;206;295;372;365;498;211;315;293;184;162;335.6;288.2;288.1;199.0;250.4;301.2
Country_2 Product_17;PROPHET;74;37;35;29;44;40;66;35;64;32;23;35;46;23;44;42;40;57;56;53;51;82;60;37;85;80;62;46;72;39;64;53;44;89;59;35;35;46;44;50;79;41;54;77;32;36;40;65;45;42;33;36;60;48;30;66;31;46;45;31;33;37;28;49;29;24;66;18;37;64;45;32;35.5;34.8;33.3;34.6;43.8;26.7
Country_2 Product_2;ENSEM;210;341;203;213;249;186;229;217;253;356;192;179;334;266;187;159;197;222;261;267;286;282;263;215;293;232;240;177;198;205;251;236;311;277;224;259;249;200;171;120;66;205;187;165;223;163;117;170;185;194;153;156;158;148;129;63;156;154;61;105;180;116;83;149;99;137;175;64;90;89;107;87;110.0;103.9;93.2;95.9;93.0;100.1
Country_2 Product_3;NNAR;0;0;0;0;0;0;0;0;0;0;0;0;0;0;0;0;0;0;0;0;0;0;0;0;0;0;0;0;0;0;0;0;0;0;0;0;96;105;72;89;84;150;49;112;121;108;59;119;131;174;155;76;243;213;116;168;185;175;138;159;292;178;175;252;76;283;348;168;173;152;252;396;182.1;186.6;186.1;190.5;171.3;192.9
Country_2 Product_9;NNAR;469;540;271;340;311;412;345;366;431;443;362;281;605;376;733;408;547;653;534;598;598;732;186;526;562;506;807;735;563;732;725;558;834;1021;344;651;1235;931;872;730;998;838;1056;824;883;900;448;855;799;676;936;766;1149;1113;743;684;925;913;576;771;1088;1428;729;751;794;1381;1588;842;843;1010;972;698;899.9;953.0;943.6;821.1;862.0;986.6
Country_3 Product_0;ETS;16;6;12;15;17;35;3;5;5;6;9;9;3;4;20;7;6;10;5;11;3;18;11;6;20;10;9;29;13;10;10;21;29;29;5;8;7;3;7;10;13;4;4;11;15;11;6;6;5;4;6;14;17;9;8;0;4;2;7;9;5;5;7;3;0;2;0;3;8;5;4;1;2.8;2.8;2.8;2.8;2.8;2.8
Country_3 Product_1;PROPHET;0;0;0;0;0;0;0;0;0;0;0;0;0;0;0;0;0;0;0;0;0;0;0;0;0;0;0;0;0;0;0;0;0;0;0;0;8;6;1;0;33;1;9;2;2;7;2;10;9;19;5;8;15;8;7;15;23;19;17;107;28;3;44;19;50;37;9;20;4;15;35;19;53.4;35.3;28.4;18.0;85.8;45.4
Country_3 Product_10;ETS;0;0;0;0;0;0;0;0;0;0;0;0;0;0;0;0;0;0;0;0;0;0;0;0;0;0;0;0;0;0;31;18;0;1;7;1;4;6;3;3;8;16;8;7;11;16;19;13;15;18;6;9;12;19;8;38;20;22;10;7;14;33;16;21;20;25;13;24;13;17;57;27;29.6;31.1;32.7;34.4;36.1;38.0
Country_3 Product_11;NNAR;0;0;0;0;0;8;43;17;20;13;14;19;26;28;22;19;16;22;29;47;48;21;27;38;31;25;63;39;47;26;46;22;43;37;52;51;65;32;53;53;77;69;50;65;58;59;50;75;83;45;87;105;91;128;74;121;139;89;116;109;120;119;93;103;123;187;88;87;161;109;136;117;120.6;120.9;116.7;117.9;121.4;141.4
Country_3 Product_12;NNAR;0;0;0;0;0;0;0;0;0;0;0;0;0;0;0;0;0;0;13;1;1;9;3;2;3;1;3;3;5;1;13;2;13;7;28;5;11;7;16;10;18;15;15;21;16;13;39;28;23;17;31;18;36;22;32;27;18;36;33;21;51;38;18;25;62;21;17;22;24;40;57;41;30.8;30.3;28.4;28.6;30.4;28.2
Country_3 Product_14;RWD;455;173;177;313;163;266;250;181;157;190;156;243;389;236;183;175;121;161;173;57;124;171;291;142;437;107;121;118;141;130;149;94;76;129;165;128;126;92;83;119;134;139;107;66;53;92;124;201;402;47;6;15;19;10;105;73;46;123;32;46;66;40;8;20;7;26;2;7;9;8;26;5;4.6;4.3;4.0;3.7;3.4;3.2
Country_3 Product_16;PROPHET;377;251;146;238;306;187;211;266;302;216;242;247;304;220;200;168;231;213;245;180;234;267;244;178;225;157;191;213;228;222;181;155;187;159;155;152;209;154;108;211;159;153;85;136;177;156;134;159;146;188;121;177;185;200;107;184;108;93;105;125;139;132;83;118;162;143;103;105;91;100;98;81;127.4;95.8;77.7;107.0;105.5;104.9
Country_3 Product_17;RWD;24;27;30;29;14;26;46;28;32;23;23;26;40;15;33;20;33;34;21;32;31;45;36;28;30;24;27;24;18;14;13;34;26;29;15;18;27;25;29;21;12;31;38;23;12;21;14;29;33;19;20;21;19;27;13;29;9;33;38;13;15;22;15;14;14;14;18;10;19;14;23;9;8.9;8.7;8.6;8.5;8.4;8.3
Country_3 Product_2;NNAR;54;44;25;27;52;20;45;39;43;43;18;36;33;56;43;36;47;41;21;23;27;43;28;59;18;28;93;28;27;55;44;37;116;44;21;44;47;19;24;15;25;15;21;18;20;14;26;33;11;19;12;24;22;13;11;15;11;20;16;36;14;20;8;21;7;20;5;16;6;8;17;21;14.1;15.2;12.0;15.9;10.5;16.8
Country_3 Product_3;NNAR;0;0;0;0;0;0;0;0;0;0;0;0;0;0;0;0;0;0;0;0;0;0;0;0;0;0;0;0;0;0;0;0;0;0;0;0;10;13;4;18;48;1;10;12;21;10;36;25;23;18;18;10;48;10;9;12;29;28;32;46;63;56;26;28;3;116;70;52;67;23;17;41;31.4;29.4;25.7;25.6;23.0;29.8
Country_3 Product_9;PROPHET;375;116;99;227;287;191;252;226;344;203;493;283;362;242;260;366;336;314;306;378;534;428;352;385;444;340;301;376;306;546;398;284;401;533;317;391;562;460;243;402;436;510;328;473;532;563;313;459;441;401;447;487;616;624;338;505;416;577;351;583;487;638;421;433;565;816;517;415;401;576;593;382;664.6;542.2;387.5;539.7;548.5;756.9
Country_4 Product_0;ENSEM;0;0;0;0;0;0;0;0;0;0;0;0;0;0;0;0;0;0;0;0;0;0;0;0;0;0;0;0;0;0;0;0;0;0;0;0;403;297;216;371;257;267;207;242;339;315;209;362;193;317;264;364;279;292;291;480;402;323;269;293;261;387;162;296;195;261;229;213;193;235;300;208;238.9;242.3;249.1;252.7;258.7;263.1
Country_4 Product_1;RWD;0;0;0;0;0;0;0;0;0;0;0;0;0;0;0;0;0;0;0;0;0;0;0;0;0;0;0;0;0;0;0;0;0;0;0;0;46;39;72;38;54;37;64;52;69;54;77;214;64;88;288;60;151;129;74;156;81;127;143;154;114;134;132;184;152;255;211;226;176;183;367;429;467.3;509.1;554.6;604.1;658.1;716.8
Country_4 Product_10;PROPHET;0;0;0;0;0;0;0;0;0;0;0;0;0;0;0;0;0;0;0;0;0;0;0;0;0;0;0;0;0;0;0;0;0;0;0;0;3;6;12;3;6;33;3;2;18;21;6;4;7;5;5;13;21;20;13;14;6;9;11;23;9;19;13;13;27;23;32;36;28;60;64;71;41.0;55.1;68.2;46.5;73.0;44.7
Country_4 Product_11;ENSEM;0;0;0;0;0;0;0;0;0;0;0;0;0;0;0;0;0;0;0;0;0;0;0;0;0;0;0;0;0;0;0;0;0;0;0;0;128;203;194;242;148;229;204;180;271;189;279;215;183;366;236;283;263;249;368;431;198;296;386;406;308;337;361;397;447;477;432;391;439;374;518;511;481.8;490.1;503.1;518.5;535.8;551.1
Country_4 Product_12;RWD;0;0;0;0;0;0;0;0;0;0;0;0;0;0;0;0;0;0;0;0;0;0;0;0;0;0;0;0;0;0;0;0;0;0;0;0;95;99;117;73;104;112;178;103;110;102;130;146;143;139;193;134;222;280;203;196;139;174;232;216;215;301;162;353;224;291;324;324;475;502;537;532;581.3;635.1;693.9;758.2;828.4;905.1
Country_4 Product_14;ENSEM;0;0;0;0;0;0;0;0;0;0;0;0;0;0;0;0;0;0;0;0;0;0;0;0;0;0;0;0;0;0;0;0;0;0;0;0;31;48;36;49;48;35;59;58;571;610;57;60;56;32;61;426;183;79;36;270;278;322;396;628;400;518;169;478;425;796;454;164;394;221;674;575;519.8;524.3;520.8;541.4;551.3;575.6
Country_4 Product_16;NNAR;0;0;0;0;0;0;0;0;0;0;0;0;0;0;0;0;0;0;0;0;0;0;0;0;0;0;0;0;0;0;0;0;0;0;0;0;1567;1447;900;1292;1405;1369;1400;1144;1261;1382;1428;1272;1279;1486;984;1115;1374;1330;1195;1226;1034;1212;1357;1149;1126;1125;960;1250;1342;1160;1035;945;877;1051;1025;797;995.2;1074.6;1088.2;1113.5;1127.2;1118.7
Country_4 Product_17;ENSEM;0;0;0;0;0;0;0;0;0;0;0;0;0;0;0;0;0;0;0;0;0;0;0;0;0;0;0;0;0;0;0;0;0;0;0;0;537;421;310;419;472;392;401;378;490;436;519;602;468;403;533;477;417;615;457;537;372;401;449;467;593;410;323;388;340;300;490;421;462;557;421;380;398.1;418.5;434.8;441.1;453.1;465.9
Country_4 Product_2;NNAR;0;0;0;0;0;0;0;0;0;0;0;0;0;0;0;0;0;0;0;0;0;0;0;0;0;0;0;0;0;0;0;0;0;0;0;0;252;330;125;149;217;284;293;218;331;371;327;330;307;286;361;510;279;251;214;183;211;188;230;250;173;168;173;334;338;391;282;115;115;104;158;78;81.3;84.1;87.6;108.5;129.7;155.2
Country_4 Product_3;ETS;0;0;0;0;0;0;0;0;0;0;0;0;0;0;0;0;0;0;0;0;0;0;0;0;0;0;0;0;0;0;0;0;0;0;0;0;88;72;91;81;105;127;96;149;116;89;133;131;103;157;109;107;235;225;103;507;136;119;183;312;214;193;143;218;66;281;204;164;193;179;256;313;294.2;294.2;294.2;294.2;294.2;294.2
Country_4 Product_9;NNAR;0;0;0;0;0;0;0;0;0;0;0;0;0;0;0;0;0;0;0;0;0;0;0;0;0;0;0;0;0;0;0;0;0;0;0;0;728;381;405;470;661;475;660;352;603;503;606;563;525;671;397;626;855;664;502;687;520;862;783;702;441;573;617;854;459;948;619;577;718;741;674;733;616.5;645.1;641.7;651.7;631.9;656.7
Country_5 Product_0;ETS;9;7;7;23;35;43;15;2;1;1;3;1;3;39;6;5;3;1;7;1;13;0;5;7;3;1;2;8;24;3;11;1;3;3;5;4;4;1;7;4;7;10;9;17;2;18;7;4;20;10;4;0;1;4;2;3;11;1;2;9;20;7;4;1;0;1;3;4;1;6;2;2;3.3;3.3;3.3;3.3;3.3;3.3
Country_5 Product_1;ETS;0;0;0;0;0;0;0;0;0;0;0;0;0;0;0;0;0;0;0;0;0;0;0;0;0;0;0;0;0;0;0;0;0;0;0;0;0;0;0;0;0;0;2;3;0;0;0;1;0;1;0;2;0;3;0;4;1;0;8;2;3;0;6;3;1;5;10;0;9;6;7;4;6.1;6.7;7.3;8.0;8.8;9.6
Country_5 Product_10;ETS;0;0;0;0;0;0;0;0;0;0;0;0;0;0;0;0;0;0;0;0;0;0;0;0;0;0;0;0;0;0;8;0;0;0;40;25;0;0;0;0;1;1;2;0;0;2;2;3;4;0;2;4;0;4;3;5;24;2;3;12;19;2;0;0;29;1;6;1;13;0;6;1;4.7;4.9;5.1;5.3;5.5;5.7
Country_5 Product_11;NNAR;0;0;0;0;0;0;1;0;1;25;27;16;15;5;4;1;3;2;4;6;13;9;63;68;4;4;14;16;43;42;18;35;36;52;52;75;80;39;30;54;93;62;273;21;52;NA;46;78;61;40;43;36;135;61;76;101;80;106;103;234;263;95;251;165;71;72;83;98;88;135;114;163;121.8;110.5;117.8;114.7;105.6;104.6
Country_5 Product_12;ENSEM;0;0;0;0;0;0;0;0;0;0;0;0;0;0;0;0;0;0;0;0;2;1;1;0;0;0;0;0;1;0;0;1;0;0;1;11;0;2;2;2;0;1;7;2;1;4;2;3;0;4;3;2;3;7;3;8;0;9;13;6;5;9;17;4;36;20;10;4;8;33;5;25;13.1;13.8;10.9;15.9;25.9;13.2
Country_5 Product_13;RWD;44;631;352;553;452;238;776;399;816;1070;276;589;15;774;323;437;412;260;426;276;343;898;1148;140;162;71;69;132;68;120;152;106;130;125;192;625;290;72;13;17;443;111;185;125;104;29;13;81;84;15;8;15;31;61;33;15;20;13;20;25;68;14;8;8;13;12;4;5;8;54;37;20;19.8;19.6;19.3;19.1;18.9;18.7
Country_5 Product_14;RWD;621;134;254;571;350;647;194;268;371;611;648;180;401;551;472;584;250;39;150;94;241;134;124;269;174;74;152;133;111;88;132;39;192;123;79;237;53;69;124;111;88;59;32;110;117;90;92;93;74;122;236;63;41;48;129;32;246;4;113;163;92;95;31;37;6;5;4;8;7;10;5;5;4.6;4.3;3.9;3.6;3.3;3.1
Country_5 Product_16;ENSEM;577;237;186;410;336;324;373;229;262;315;318;260;579;241;289;293;298;265;404;169;309;250;265;391;309;249;332;254;301;358;298;271;322;413;421;402;523;356;258;252;310;334;849;1102;536;915;670;982;474;477;788;440;595;989;894;350;374;204;342;544;1032;419;238;332;646;547;477;514;266;193;770;165;342.3;347.7;334.1;358.7;371.3;371.2
Country_5 Product_17;ENSEM;33;5;30;21;6;7;0;2;3;4;12;3;11;3;10;2;9;19;15;11;3;11;5;15;5;2;3;5;5;8;4;6;3;7;11;9;15;9;4;7;5;10;4;9;20;14;3;9;12;8;5;13;12;11;3;10;10;10;11;11;17;8;5;5;12;7;20;11;17;9;5;20;8.9;8.3;9.2;9.1;9.5;9.4
Country_5 Product_2;NNAR;147;89;56;133;139;123;103;86;90;113;134;62;230;92;89;111;108;57;139;49;117;100;178;177;148;75;191;242;58;184;90;113;173;147;200;176;159;80;119;133;135;179;186;134;97;191;199;226;251;104;293;152;135;95;183;92;197;144;185;154;366;117;168;96;102;130;159;177;143;87;315;203;231.5;153.5;203.8;113.1;136.6;128.0
Country_5 Product_3;PROPHET;0;0;0;0;0;0;0;0;0;0;0;0;0;0;0;0;0;0;0;0;0;0;0;0;0;0;0;0;0;0;0;0;0;0;0;0;12;13;18;15;10;20;17;30;22;52;17;20;37;20;33;31;41;52;20;39;36;34;75;103;118;57;51;129;14;98;173;64;121;82;95;65;235.7;196.3;208.8;222.4;154.5;193.1
Country_5 Product_9;PROPHET;139;204;158;357;320;133;784;306;369;298;379;566;36;1212;483;476;577;211;774;455;543;688;530;819;618;427;711;622;292;857;803;624;707;933;623;1950;826;484;681;774;858;1051;1036;837;1012;667;1686;1211;1133;633;1225;1201;1287;887;1229;1534;955;1071;1346;2431;1822;730;865;1763;1467;2950;2956;1803;520;1482;954;1574;1336.6;1431.6;1701.9;1962.0;1674.1;2179.9
Country_6 Product_0;PROPHET;139;118;73;87;123;143;144;133;164;231;175;193;170;155;117;130;114;173;206;133;278;244;92;261;117;134;252;200;172;328;221;240;318;245;183;366;202;261;125;210;227;275;222;203;248;334;150;438;179;170;121;164;141;303;248;173;272;338;127;211;243;207;76;225;246;241;205;203;239;225;119;105;159.7;168.8;117.3;157.1;150.4;200.1
Country_6 Product_1;ETS;0;0;0;0;0;0;0;0;0;0;0;0;0;0;0;0;0;0;0;0;0;0;0;0;0;0;0;0;0;0;0;0;0;0;0;0;74;36;57;63;79;99;82;100;155;152;37;169;84;124;92;49;193;221;173;212;267;215;247;268;242;283;257;352;371;325;400;381;319;347;415;462;445.2;445.2;445.2;445.2;445.2;445.2
Country_6 Product_10;ETS;0;0;0;0;0;0;0;0;0;0;0;0;0;0;0;0;0;0;0;0;0;0;0;0;0;0;0;0;0;1;2;28;18;20;13;28;34;37;18;23;44;50;38;38;66;48;12;81;51;43;30;39;75;72;81;66;102;85;71;104;137;111;81;154;170;143;116;132;142;137;54;213;154.1;154.1;154.1;154.1;154.1;154.1
Country_6 Product_11;ENSEM;0;0;0;0;0;13;1;9;25;24;12;7;24;24;24;48;124;99;92;63;80;78;30;99;58;78;52;48;87;135;116;106;187;127;40;162;170;149;98;130;140;232;145;206;327;267;106;372;264;221;289;267;354;467;310;319;473;504;296;448;458;555;516;492;529;646;552;482;549;519;827;556;615.3;632.7;642.1;651.4;664.2;680.3
Country_6 Product_12;ETS;0;0;0;0;0;0;0;0;0;0;0;0;0;0;0;0;0;0;4;3;2;4;4;2;9;11;8;5;14;10;14;22;28;54;14;26;58;40;31;34;34;72;75;72;79;84;63;125;80;100;148;129;206;223;153;194;176;253;147;192;190;250;181;279;223;273;232;265;240;293;378;266;315.7;326.6;338.0;349.7;361.8;374.4
Country_6 Product_14;NNAR;1004;852;608;950;706;989;681;663;949;711;381;1263;705;512;489;427;622;719;506;414;581;718;169;764;381;175;125;124;158;162;117;96;120;137;39;131;111;110;63;73;90;95;76;91;63;99;31;94;78;65;59;49;61;61;43;65;60;53;23;64;33;37;46;57;52;57;32;58;50;36;19;59;28.0;33.9;39.5;46.0;42.3;45.7
Country_6 Product_16;PROPHET;2208;2059;1594;1991;2258;2316;2007;1785;2848;2198;1020;3405;1913;1780;1545;1697;1920;2283;2101;1861;2731;2394;900;2840;1691;1673;1591;1693;1823;2671;1706;1833;2330;2032;739;2727;1523;1646;1312;1700;1626;2501;1408;1517;2134;1799;855;2179;1350;1393;999;1483;1402;1840;1033;1379;1639;1668;1192;1294;1375;992;846;1386;1826;1556;1228;1020;1235;1211;551;868;945.3;899.0;751.0;915.6;953.4;1137.3
Country_6 Product_17;NNAR;186;131;103;148;109;138;173;202;190;183;114;231;176;164;138;166;168;203;169;171;235;262;111;222;150;174;147;137;242;273;221;256;257;246;120;241;230;213;136;172;207;219;199;213;312;241;111;272;179;205;101;183;194;260;242;273;182;266;152;209;180;159;99;250;247;207;244;256;217;187;96;175;180.2;187.7;106.3;207.3;232.0;211.8
Country_6 Product_2;PROPHET;450;434;340;354;448;473;368;384;651;641;257;687;533;505;333;456;525;575;586;546;594;615;318;808;537;543;531;455;529;888;602;710;727;752;335;1024;493;498;361;457;521;623;531;548;736;585;224;649;444;400;223;343;388;637;353;268;723;475;284;388;381;313;210;311;320;396;298;305;361;162;262;125;226.7;212.7;157.2;179.7;197.2;268.2
Country_6 Product_3;ENSEM;0;0;0;0;0;0;0;0;0;0;0;0;0;0;0;0;0;0;0;0;0;0;0;0;0;0;0;0;0;0;0;0;0;0;0;0;113;164;153;152;194;206;169;220;347;194;100;375;206;269;176;190;410;553;223;424;497;448;409;402;428;489;348;517;487;917;653;382;542;624;553;532;553.0;574.6;565.5;601.2;613.4;669.7
Country_6 Product_9;PROPHET;1079;889;506;955;996;1332;1098;1191;1640;1337;409;1879;1433;1128;972;1271;1955;2102;1631;1516;2201;2094;653;3098;1593;1775;1728;1533;1597;3048;2158;2152;2817;2373;848;4407;2188;2148;1742;2065;2498;3795;1845;2111;3527;2267;1127;3802;1866;2229;1785;2649;3069;4733;1883;2370;4039;3480;2761;3049;2352;2375;1994;3912;4792;4886;4158;2184;3409;3627;1745;2625;3065.1;3004.6;2556.6;3094.3;3677.1;5033.8
Country_7 Product_0;ETS;309;258;134;312;293;187;193;315;245;240;331;255;268;333;249;258;352;332;243;334;267;379;320;351;294;277;300;666;274;472;356;287;448;469;351;317;297;250;304;153;297;315;314;274;568;235;386;281;278;200;320;353;265;246;297;229;230;197;177;174;200;226;182;227;168;232;146;275;158;163;216;135;154.9;151.9;149.0;146.1;143.3;140.5
Country_7 Product_1;ENSEM;0;0;0;0;0;0;0;0;0;0;0;0;0;0;0;0;0;0;0;0;0;0;0;0;0;0;0;0;0;0;0;0;0;0;0;0;237;150;148;158;158;262;187;286;240;250;274;322;253;350;351;222;547;428;446;496;299;480;520;455;625;603;513;642;536;598;729;840;549;530;945;894;898.1;905.0;897.6;935.9;939.3;967.8
Country_7 Product_10;ETS;0;0;0;0;0;0;0;0;0;0;0;0;0;0;0;0;0;0;0;0;0;0;0;0;0;0;0;0;0;19;101;53;54;67;68;89;73;107;83;67;84;151;115;94;130;139;194;153;139;199;162;156;201;308;150;256;198;118;280;236;248;241;300;352;374;443;438;393;367;393;372;342;342.0;342.0;342.0;342.0;342.0;342.0
Country_7 Product_11;ENSEM;0;0;0;0;0;89;193;233;215;179;140;228;171;164;276;184;208;257;388;378;358;417;310;588;411;498;525;449;1146;742;726;735;1107;805;689;910;883;855;752;989;849;872;1016;1064;1063;1031;1000;1284;1009;2022;1463;1325;1354;2080;1967;1666;1665;2456;1160;1709;1707;1703;1680;1901;1891;1993;1665;1688;2368;2071;2301;2453;2414.5;2378.9;2442.4;2467.4;2459.4;2493.9
Country_7 Product_12;NNAR;0;0;0;0;0;0;0;0;0;0;0;0;0;1;0;0;0;16;27;33;31;32;23;42;49;48;78;48;70;91;76;81;128;125;83;126;238;170;189;182;156;201;194;222;220;215;255;283;258;377;411;209;496;483;420;427;404;389;408;446;578;584;411;605;500;536;440;540;442;667;631;535;551.2;557.6;526.1;549.6;546.0;550.5
Country_7 Product_13;PROPHET;45;203;156;36;36;92;71;50;58;90;163;104;50;136;216;203;253;157;41;198;268;140;53;277;153;82;57;143;204;66;162;33;138;273;282;298;82;95;85;105;137;53;42;169;70;74;36;69;37;170;233;101;261;147;77;154;102;248;373;410;124;228;468;985;11;17;16;2;4;269;334;1;66.2;84.1;90.4;135.0;93.9;54.1
Country_7 Product_14;ETS;2152;2389;1405;1661;1968;1633;2256;1772;1976;2172;2003;2059;1774;1070;942;1125;808;803;782;882;883;801;694;872;729;614;715;428;477;497;489;521;564;494;401;504;433;399;443;340;303;345;369;434;317;285;287;270;289;272;269;265;313;236;217;288;424;231;272;610;188;178;146;215;114;170;135;120;117;136;128;116;113.2;109.0;104.9;101.0;97.2;93.6
Country_7 Product_16;NNAR;5445;4826;3984;5041;4238;4642;5280;4809;5244;5688;4802;5129;4731;5913;5052;4764;4464;4746;4711;4222;5096;4808;4208;5817;4949;4459;4507;3817;4226;4811;5055;3982;4169;4338;4395;4346;4031;4360;3513;3001;3456;3970;4398;4259;4350;4104;4058;5487;4346;4337;3196;3025;3377;3343;4083;3369;3316;3641;4033;3883;4190;7379;6028;3505;3626;5002;2978;5264;2643;4657;3744;2278;3664.6;5210.4;4099.1;3276.4;3753.7;5044.2
Country_7 Product_17;ETS;563;442;383;430;436;496;461;422;454;460;329;433;476;443;388;436;427;432;472;430;499;596;485;550;501;524;608;456;557;490;456;533;466;512;456;482;428;511;454;379;474;454;486;473;513;337;407;502;469;421;424;400;393;443;471;545;341;476;439;439;381;359;286;390;405;372;636;526;407;370;402;302;397.9;397.9;397.9;397.9;397.9;397.9
Country_7 Product_2;ETS;1147;1237;844;1044;1015;1232;969;1079;1078;1303;1037;1060;1357;1210;893;1102;1036;1082;1064;1114;1037;1075;1340;1463;1404;1427;1123;991;1089;1528;1455;1169;1224;1593;1574;1374;1089;959;976;643;1078;1017;1021;826;785;890;803;1072;702;908;812;748;747;974;754;350;1058;827;761;777;913;630;600;551;724;713;714;649;758;429;813;564;639.4;639.4;639.4;639.4;639.4;639.4
Country_7 Product_3;ENSEM;0;0;0;0;0;0;0;0;0;0;0;0;0;0;0;0;0;0;0;0;0;0;0;0;0;0;0;0;0;0;0;0;0;0;0;0;445;354;334;343;344;383;454;421;617;412;514;681;508;705;595;426;824;857;611;993;639;1066;1266;939;1028;1015;958;1091;442;1913;1529;990;1305;1174;1576;2156;1827.9;1816.5;1839.8;1908.6;1802.0;2156.5
Country_7 Product_9;RWD;6207;5411;4387;4502;4763;4783;6202;5851;4661;5853;6387;5541;6558;6289;5822;6437;6977;7285;7856;7527;7055;7513;7389;8644;8205;7651;7626;6454;6651;9198;9813;8072;9811;8390;9196;8897;10838;10150;8501;7907;8864;8554;10540;9605;10078;8487;14616;10037;8479;10508;10490;10254;10356;11475;9131;10341;10007;10294;10695;12828;13426;10538;11302;14175;12622;17094;17774;13442;12616;15153;12542;11876;11985.0;12095.0;12206.1;12318.1;12431.2;12545.3
Country_8 Product_0;ENSEM;20;24;40;2;16;51;15;15;27;34;20;41;37;23;38;47;37;25;45;74;26;46;34;64;49;19;32;36;39;48;34;54;41;58;40;47;45;26;34;44;117;51;47;30;37;29;55;44;33;54;32;54;65;52;44;27;36;50;28;24;39;44;29;38;18;23;30;24;42;45;53;32;38.5;35.4;36.8;34.3;47.1;38.3
Country_8 Product_1;RWD;0;0;0;0;0;0;0;0;0;0;0;0;0;0;0;0;0;0;0;0;0;0;0;0;0;0;0;0;0;0;0;0;0;0;0;0;57;18;39;11;43;24;31;65;56;47;54;44;36;43;50;40;89;85;56;129;81;97;59;55;69;72;67;56;38;99;82;102;59;58;72;93;99.2;105.8;112.9;120.4;128.4;137.0
Country_8 Product_10;ETS;0;0;0;0;0;0;0;0;0;0;0;0;0;0;0;0;0;0;0;0;0;0;0;0;0;0;0;0;0;3;5;22;22;15;8;24;11;60;10;8;18;4;17;20;38;23;7;17;27;56;45;19;38;41;44;51;33;26;74;27;34;37;65;70;44;101;72;55;65;88;49;70;65.3;65.3;65.3;65.3;65.3;65.3
Country_8 Product_11;NNAR;0;0;0;0;0;0;4;19;33;25;8;3;6;41;74;30;43;20;22;31;206;147;42;45;18;26;34;37;55;67;51;63;81;64;53;30;84;102;94;42;57;74;72;90;123;95;127;99;126;92;123;114;110;103;133;157;136;191;103;127;117;147;126;196;139;204;161;150;121;140;200;200;155.7;147.6;142.8;145.0;143.3;145.3
Country_8 Product_12;NNAR;0;0;0;0;0;0;0;0;0;0;0;0;0;0;0;0;0;0;0;2;0;2;4;4;0;5;0;3;5;0;2;9;6;6;14;9;15;14;23;6;6;17;15;23;25;16;23;25;24;21;31;15;45;43;42;53;46;64;79;40;61;90;54;70;52;68;55;57;39;97;77;90;70.8;73.7;67.7;69.3;66.4;68.1
Country_8 Product_14;PROPHET;498;389;267;301;399;307;316;376;242;206;145;304;210;285;234;141;499;78;106;110;105;167;45;610;145;101;96;199;164;59;30;44;74;48;120;82;30;43;55;19;196;41;24;20;19;32;18;27;88;46;43;101;178;126;23;34;1;24;12;21;21;27;40;60;152;10;8;11;14;148;12;37;11.9;14.9;18.0;15.1;52.1;10.2
Country_8 Product_16;NNAR;371;359;363;346;311;274;322;337;356;401;241;286;344;281;311;312;304;301;296;359;290;304;164;371;314;295;334;210;229;350;272;270;320;347;180;299;230;316;243;171;208;206;242;226;257;243;190;213;300;296;232;205;206;218;191;204;205;201;163;149;232;138;189;207;198;244;210;153;224;180;128;87;163.0;104.4;154.3;154.8;169.6;191.2
Country_8 Product_17;ETS;61;53;65;40;45;71;47;45;45;68;23;62;52;50;40;37;35;42;42;54;62;74;56;60;43;44;71;15;32;66;36;72;77;52;45;45;65;52;51;53;70;51;61;58;96;59;54;60;83;47;55;49;47;73;36;94;56;64;56;53;61;84;49;66;64;43;81;73;77;46;45;32;55.8;55.8;55.8;55.8;55.8;55.8
Country_8 Product_2;ENSEM;182;215;162;142;181;181;191;191;227;201;94;170;211;241;290;163;204;202;232;273;238;244;184;215;258;241;292;135;269;249;179;221;297;405;136;396;201;313;191;166;232;170;113;149;241;212;166;253;143;223;75;161;159;268;181;144;176;191;98;131;181;176;105;113;92;153;153;104;154;121;172;105;139.1;143.6;127.4;122.9;130.5;136.3
Country_8 Product_3;NNAR;0;0;0;0;0;0;0;0;0;0;0;0;0;0;0;0;0;0;0;0;0;0;0;0;0;0;0;0;0;0;0;0;0;0;0;0;98;97;53;88;147;206;139;103;111;83;65;71;210;136;100;60;127;211;88;125;117;259;100;158;156;357;179;185;36;333;184;248;201;220;197;345;175.3;255.9;176.6;176.0;134.5;260.2
Country_8 Product_9;ETS;891;606;548;437;457;811;660;902;940;667;401;617;695;652;690;794;786;732;802;934;945;1221;551;926;856;914;850;1004;1019;1317;990;1092;1197;1227;443;1150;1242;1442;1060;1004;1258;1098;1643;1546;2006;1605;1147;1122;1312;1682;1307;1453;1677;1813;1253;1603;1493;1709;1346;1590;1843;1974;1311;2168;1848;2881;2482;1745;2268;2323;2189;1719;2366.0;2392.6;2007.5;2299.3;2451.0;2740.4
Country_9 Product_0;ETS;2;0;1;5;1;1;0;0;1;1;4;0;5;0;0;0;4;3;0;4;3;2;5;0;9;0;7;21;0;0;5;5;0;39;12;0;0;0;3;0;0;4;0;0;1;2;1;0;7;9;0;0;0;1;0;5;1;0;6;5;5;0;2;7;0;0;0;0;0;3;6;0;1.3;1.3;1.3;1.3;1.3;1.3
Country_9 Product_1;ETS;0;0;0;0;0;0;0;0;0;0;0;0;0;0;0;0;0;0;0;0;0;0;0;0;0;0;0;0;0;0;0;0;0;0;0;0;0;0;0;0;2;0;0;0;0;2;1;0;1;1;0;0;1;0;0;1;0;0;3;2;1;0;1;0;1;0;0;0;1;6;2;0;0.9;1.0;1.0;1.1;1.1;1.2
Country_9 Product_10;ETS;0;0;0;0;0;0;0;0;0;0;0;0;0;0;0;0;0;0;0;0;0;0;0;0;0;0;0;0;0;0;6;0;0;20;0;1;1;1;25;0;0;5;0;1;0;1;0;0;0;2;3;0;0;3;1;5;3;2;0;0;2;0;1;0;0;10;2;2;7;0;0;7;1.5;1.5;1.5;1.5;1.5;1.5
Country_9 Product_11;ETS;0;0;0;0;0;0;0;0;0;9;0;2;0;0;1;41;12;11;5;5;1;18;0;25;5;3;8;46;20;24;9;32;14;8;29;10;17;9;6;12;56;21;1;12;14;12;37;7;56;34;50;12;36;53;16;69;48;54;65;252;92;177;226;426;176;149;130;304;346;343;283;238;347.7;378.3;411.6;447.8;487.2;530.1
Country_9 Product_12;ENSEM;0;0;0;0;0;0;0;0;0;0;0;0;0;0;0;0;0;0;0;0;0;0;0;1;2;0;0;0;0;2;0;1;1;1;0;0;1;1;2;1;2;0;1;3;0;2;2;0;0;0;1;0;4;0;1;0;1;0;1;0;0;9;0;13;2;5;1;9;4;11;11;14;12.7;14.2;15.1;16.7;21.9;30.9
Country_9 Product_13;ETS;70;20;35;26;29;31;208;10;7;30;32;9;4;87;173;70;23;155;282;31;76;138;131;95;197;185;169;158;120;237;144;92;111;241;44;99;110;107;72;26;41;79;104;102;95;66;131;68;90;179;94;24;12;72;83;68;3;22;21;34;22;2;6;1;3;14;59;9;11;4;4;3;5.3;5.3;5.3;5.3;5.3;5.3
Country_9 Product_14;ETS;311;140;37;167;85;204;178;25;67;132;261;292;40;32;1;6;NA;31;9;0;2;3;1;0;0;2;0;1;0;1;3;0;1;3;0;1;1;1;2;0;0;0;0;0;0;0;0;0;1;0;0;0;0;0;0;1;0;3;0;1;0;0;0;0;1;0;1;0;0;0;0;0;0.0;0.0;0.0;0.0;0.0;0.0
Country_9 Product_16;ENSEM;632;523;891;1005;197;827;745;204;794;711;1238;718;1351;958;94;278;225;476;510;401;393;861;528;840;786;93;310;337;599;295;325;323;865;686;735;933;499;511;487;702;726;204;813;231;424;364;681;256;771;336;609;329;223;503;562;385;124;415;260;245;478;693;973;383;495;639;444;102;336;98;303;141;326.8;343.5;355.1;320.0;325.4;335.4
Country_9 Product_17;ETS;10;31;1;17;1;4;8;1;4;11;2;NA;11;8;2;5;8;1;25;5;10;6;9;9;14;2;2;0;0;0;0;2;1;1;2;3;11;8;1;1;2;6;0;5;8;1;0;5;7;3;2;2;1;2;3;4;2;2;2;0;2;1;0;1;12;0;3;3;1;1;1;3;1.2;1.1;1.1;1.1;1.0;1.0
Country_9 Product_2;ENSEM;80;21;62;136;37;75;102;8;25;177;85;59;42;50;21;5;37;0;144;130;94;23;198;95;67;54;70;170;34;71;111;30;112;36;105;117;64;90;121;215;56;62;88;166;93;223;132;2;171;122;85;71;33;27;46;104;108;130;191;291;19;195;95;154;205;86;135;153;53;62;150;42;92.4;94.8;80.4;93.6;96.6;97.1
Country_9 Product_3;ETS;0;0;0;0;0;0;0;0;0;0;0;0;0;0;0;0;0;0;0;0;0;0;0;0;0;0;0;0;0;0;0;0;0;0;0;0;14;185;214;3;27;12;12;8;38;2;63;6;45;9;99;29;18;12;35;34;3;43;50;84;8;39;77;131;30;56;103;168;92;124;146;50;85.2;85.2;85.2;85.2;85.2;85.2
Country_9 Product_9;NNAR;50;190;60;62;290;327;338;276;245;334;380;310;66;302;250;241;264;578;267;747;231;782;263;661;557;312;744;91;458;645;115;219;168;593;148;661;644;378;368;171;137;140;254;494;254;641;776;219;470;959;1289;433;1448;313;1727;2566;595;2571;1491;3681;6442;5480;2502;3672;1910;2716;3669;4745;2575;2760;2869;5543;4713.1;3636.5;3203.8;3133.9;3222.7;3216.8
